,"Helper count column, this is just the ID number extracted, ignore.",Last seen date,Last Seen time,Last seen by,,,Location,Physical Description,Birthday estimate,Behavior,TNR'd?,TNR date,Male or Female,Common nicknames,Comments,Number of pics,Recently seen? (Automatically checked if a photo is sent of this cat in the last 3 months AND they are NOT 'confirmed to not return'),"Confirmed to not return (Use this if deceased, adopted, assumed permanently missing, or similar)"
1. Microwave,1,3/23/2026,3:48:27 PM,not_d3fault_1420,,,Chemistry/Planetarium Building,"Flabby icon, gray and white fur with a spot that looks like a mole on his cheek",1/1/2010,"Very friendly, looks for humans to get pets and food. He is a very sleepy old man!",Yes,08/24/2022,Male,"Professor Sprinkles, Buddy, Apollo, Mike",,2434,TRUE,FALSE
2. Twix,2,3/23/2026,5:59:21 PM,wildflower1202,,,COBA,Small brown tabby with little hints of orange. ,1/1/2020,"Very friendly, but scared of strangers and quick movements Does a pointer-dog pose when happy and loves cat-bongos",Yes,4/19/2021,Female,,,1312,TRUE,FALSE
3. Ford F-150,3,1/21/2026,8:49:17 PM,wildflower1202,,,"Library/Life Science Building, Chemistry/Planetarium Building",Gray tabby with a 'black eyeliner' look. Very large paws!,9/1/2024,"Very friendly, young and hyper. Fights with microwave occassionally.",Yes,09/01/2024,Female,,Adopted 3/12/2025,65,FALSE,TRUE
4. Eggs,4,3/21/2026,9:50:43 PM,_costco_wholesale_,,,COBA,"Brown and white, white belly and legs. Is very round and shaped like a plushie",1/1/2016,Relatively skittish. Is comfortable near people but will not let you pet her. Always spotted with Eraser,Yes,<04/28/2021,Female,,Records of her in the discord go back to at least 2019,561,TRUE,FALSE
5. Eraser,5,3/21/2026,9:50:43 PM,_costco_wholesale_,,,COBA,Very fat tuxedo cat. Has a skinny rat tail. Loves to roll around,1/1/2017,Relatively skittish. Is comfortable near people but will not let you pet him. He eats a lot. Always spotted with eggs,Yes,08/24/2022,Male,"Previously known as bacon, Tuxedo",He popped up around the same time as pencil in 2021,652,TRUE,FALSE
6. Snickers,6,3/23/2026,8:06:15 AM,gupguppy,,,North Campus / Engineering Research Building,"Soft brown tabby with pretty blue-green eyes. Got a bit of a ""Always grumpy"" face. Will respond to her name with a meow that sounds like a squeak",1/1/2018,"Reserved, would prefer if she was left alone but will tolerate having pictures taken of her. Liking to roam around outside of the UC starbucks after hours.",Yes,,Female,,First mention here -> https://discord.com/channels/551082419768393729/551084964318543904/634478309761220618,178,TRUE,FALSE
7. Hershey,7,3/1/2026,6:15:24 PM,le_nuit_sans_fin,,,"COBA, KC Hall",Brown tabby. Looks like twix but is rounder. Always looks worried. Has a black collar-like marking,1/1/2018,"""Assumed brother of twix."" Rarely seen during the day and often mistaken for Twix at first glance. A bit skittish.",Yes,3/25/2021,Male,"""Left-twix"", partnered with right twix",,22,TRUE,FALSE
8. Pencil,8,10/12/2025,8:11:57 PM,astro_db,,,"Bookstore / First Baptist Church, COBA, KC Hall","Gray tabby, grumpy looking, walks like a lion. ",1/1/2019,"Previously territorial and unsocialized. After TNR, slowly became socialized and allowed pets, close contact, and other ""peaceful"" activities. Less war time incidents but far more stink.",Yes,4/16/2024,Male,,"Popped up in spring 2021, Been missing since the end of F24.
Last spotted 12/12/2024",35,FALSE,TRUE
9. Melvin,9,2/17/2026,9:39:52 PM,pandaaaas,,,All over!,Odd looking feller,1/1/0250,chill asf. eats and roams at night,We don't do that.,half a hour ago,both,the,"Oh, possum!",76,TRUE,FALSE
10. Alaska,10,3/4/2025,1:57:49 AM,austinbaustinb,,,COBA,Gray and white spots ,1/1/2018,A bit rough around the edges; definitely been involved in too many cat fights. Often found people watching or resting underneath a bush. Eggs isn't his biggest fan.,No,,Male,,Been missing for quite a bit. Most likely before 4/1/2024 by a month or two.,8,FALSE,TRUE
11. Laufey,11,3/26/2025,6:51:43 PM,austinbaustinb,,,Lot 50,White calico kitty. Gray and orange,1/1/2024,"Very Skittish, Will rarely be the first to appear and will only come for food when the other cats come up (specifically faye)",No,,Female,,,3,FALSE,TRUE
12. Faye,12,3/23/2026,6:04:51 PM,adeyumii,,,Lot 50,"Short dense gray fur. Yellow eyes. Small white patch between eyes, on chin, on throat. Small amounts of white on front paws, white socks on rear legs.",1/1/2024,Glutton and a bit silly. Usually follows around Boots or the other black cats,Yes,8/25/2025,Male,,,432,TRUE,FALSE
13. Lionel,13,4/15/2024,2:33:04 AM,austinbaustinb,,,Lot 50,Microwave shaped creature but a greyish brown,1/1/2020,Likes jumping down from the fence onto the Lot 50 feeding stations to scare the other cats.,Yes,3/25/2025,Male,,,3,FALSE,TRUE
14. Pencil 2,14,2/26/2025,8:25:14 PM,m_digio,,,Bookstore / First Baptist Church,Dark Gray Tabby ,1/1/2024,Very hidden.,No,,,,,1,FALSE,TRUE
15. Snowball,15,3/4/2025,1:59:57 AM,austinbaustinb,,,Centennial Courts,All white kitty,1/1/2022,Chill but not social,No,,,,,1,FALSE,TRUE
16. Marley,16,3/4/2025,2:01:38 AM,austinbaustinb,,,Centennial Courts,Gray,1/1/2023,,No,,,"Momma, Scrambled",,1,FALSE,TRUE
17. Bobbie,17,3/23/2026,5:39:17 PM,wildflower1202,,,Bookstore / First Baptist Church,Brown and cream Tortico with a short tail. Scrawny and small. Very angular and angry face. Face is half orange and half brown with a little white on the nose. She also has white paws.,1/1/2018,"Many words to describe her. None are positive. Very ""social"" with multiple litters.",Yes,1/16/2026,Female,,TNR priority - caught 1/15/26,106,TRUE,FALSE
18. Porkchop,18,1/1/2024,1:37:16 AM,austinbaustinb,,,"COBA, All over!","""Lookalike"" to eraser. Tuxedo cat. Fairly rotund.",1/1/2015,Appears near business building occassionally. Not social but does not seem to cause fights,,,,Oreo Mcflurry,,2,FALSE,TRUE
19. Rolo,19,5/2/2025,6:29:12 PM,wildflower1202,,,Bookstore / First Baptist Church,Rich colored brown tabby. Often followed by Citlali (her kid). A lot of orange around muzzle. Prominent white coloring on lower eye lid,1/1/2023,Skittish momma who gets pissed if you get near her,No,,Female,,Sibling to Toblerone. Rumored as deceased as of 2/9/2026,37,FALSE,TRUE
20. Citlali,20,3/5/2026,6:02:21 PM,pandaaaas,,,Bookstore / First Baptist Church,Honey brown tabby. Always seems to be judging. Looks exactly like her mom (Rolo) and could often be seen with her. W shaped collar marking.,10/1/2024,Friendly as a baby. Loves churu treats and may come up to you to get one if she knows you. Otherwise kinda just watches you.,Yes,2/16/2026,Female,,"Her name means ""Stargazer"" in Nahuatl! Nezhui/Coatl/Chilton's half sister.",169,TRUE,FALSE
21. Paquini,21,2/28/2026,8:35:59 PM,_costco_wholesale_,,,Bookstore / First Baptist Church,Black and white tuxedo. White goes up his face and he has a black blaze on his nose and black markings on his muzzle and chin,4/1/2024,Hungry boy. Will eat food if you set something out for him.,No,,Male,Panini,"Their name means ""Happy"" in Nahuatl!",66,TRUE,FALSE
22. Glockenspiel,22,6/7/2025,12:44:21 PM,simplyshadow171295,,,Bookstore / First Baptist Church,Square orange tabby. Medium-long coat. Similar build to Tang,6/1/2022,Runs away. Usually only ever seen at night,No,,Male,"Glock, Curry",,37,FALSE,FALSE
23. Tlacuilo,23,8/19/2025,10:01:38 AM,simplyshadow171295,,,Bookstore / First Baptist Church,"Solid black, skinny",1/1/2022,Has a creepy stare,No,,,,"Their name means ""Painter"" in Nahuatl!",7,FALSE,FALSE
24. Garfield,24,6/28/2025,7:03:04 AM,ericagott,,,Center Chase Apartments & The Greens,"Big. Fat. Orange.
Long hair",1/1/2017,"""Skittish, Wants me to feed him, but won't let me near him. (But he gives me slow blinks!)""",Yes,2015,Male,Tito FluffyButt,Erica Gott center chase kitty. First mention here -> https://discord.com/channels/551082419768393729/551084964318543904/640345648310255642,32,FALSE,FALSE
25. Aphrodite,25,5/21/2025,7:55:06 PM,kitadan,,,Center Chase Apartments & The Greens,Brown/Orange tabbico (tabby tortie) with lots of white. Colored patches are very clean looking.,1/1/2017,"""Very friendly, comes into my home to visit and get rubs. Will let one neighbor pet her... sometimes.""",Yes,2017,Female,Dittie,Erica Gott center chase kitty,4,FALSE,FALSE
26. Tang,26,5/21/2025,7:55:06 PM,kitadan,,,Center Chase Apartments & The Greens,Rusty orange longhair tabby. Is deaf,1/1/2013," ""Grandsire to most, if not all of the rest of the cats. Friendly to me, but i've never picked him up... just petted him a lot. He lets me cut mats out of his fur.",Yes,2015,Male,,Erica Gott center chase kitty,6,FALSE,FALSE
27. Angel,27,3/4/2026,2:22:33 PM,kitadan,,,Mary Kay Apartments,Brown/Gray tabby with medium white,1/1/2022,"Angel is the only friendly cat in both the Zen Colony and in the MKZ location. Once a house pet, he was dumped at Zen and found a new home with his colony.",Yes,4/4/2022,Male,,TNR Chat link,150,TRUE,FALSE
28. Friga,28,3/4/2025,2:40:43 AM,austinbaustinb,,,Mary Kay Apartments,Black/Orange calico. White socks and tail tip,1/1/2020,"Grumpy lady, she doesn't like to get near people. Will often just sit or loaf and watch you until you leave.",Yes,10/15/2021,Female,,,3,FALSE,FALSE
29. Ginger,29,2/15/2026,1:07:53 PM,kitadan,,,Zen Gardens Apartments,Round orange tabby. You'll know him when you see him.,1/1/2019,"Ginger is an old-soul who is very laid back. He is not big on humans but as long as you respect his space, he will be okay with you.",Yes,11/14/2021,Male,,First mention here -> https://discord.com/channels/551082419768393729/551084964318543904/640611616022331432,167,TRUE,FALSE
30. Pepper,30,2/26/2026,12:13:14 PM,kitadan,,,Mary Kay Apartments,Solid black with bald patches on arms,1/1/2020,Pepper is incredibly skittish and unsure of humans,Yes,10/25/2021,Female,,,131,TRUE,FALSE
31. Scraggle,31,5/6/2025,7:58:52 PM,kitadan,,,Heights On Pecan,Full black cat. Left eye doesn't open all the way and there seems to be some scars of previous fights. ,1/1/2020,He'll hiss at you all scary and mean but is a fairly chill dude. Doesn't want to be pet or anything but is arguably less skittish than Eraser,No,,Male,,"During a TNR event on 1/5/2026, a cat that is suspected to be scraggle tested positive for FIV and was euthanized. The cat was found in the neighborhood west of doug russel park and had a similar eye problem and build as previous ID's of scraggle.",27,FALSE,TRUE
32. Noir,32,2/26/2026,12:13:14 PM,kitadan,,,Zen Gardens Apartments,Black/Orange brindle tortoiseshell,1/1/2019,Super duper skittish lady. Will stare at you with wide eyes until you are 20 feet away,No,,Female,,,89,TRUE,FALSE
33. Zee,33,2/3/2026,1:22:50 PM,kitadan,,,Mary Kay Apartments,"Sandy light orange tabby, when she stares you can tell she only has one braincell",1/1/2021,"While not liking humans much, Zee is very talkative",Yes,,Female,,,90,TRUE,FALSE
34. Oreo 2,34,2/26/2026,6:42:16 PM,izzyballz,,,"Bookstore / First Baptist Church, All over!, West Campus",Tuxedo cat! No spots or splotches. Plain tuxedo with no bowtie.,1/1/2022,,No,,Female,bink,"Assumed to have a litter of kittens near West Hall, confirmed sighting of tuxedo kittens -Mira, maybe paquini's father? -atlas",2,TRUE,FALSE
35. Stove,35,2/18/2026,2:58:23 PM,not_d3fault_1420,,,All over!,"gray on top, red or orange on bottom. fluffy tail",1/1/2025,Barks at you and chases other stoves around,We don't do that.,,yes,Squonk,,48,TRUE,FALSE
36. Scringle,36,3/18/2026,4:50:28 PM,le_nuit_sans_fin,,,Heights On Pecan,Longhair Marble with white belly and face,1/1/2021,Skittish but not hostile to other cats. ,No,,Male,Blorbo,,73,TRUE,FALSE
37. Dingus,37,1/21/2026,7:26:49 PM,le_nuit_sans_fin,,,Heights On Pecan,Fat tabby,1/1/2023,Got in a yelling match with scraggle but does not seem to be violent,,,Male,,,9,TRUE,FALSE
38. Winston,38,3/22/2026,2:46:49 PM,cici4f3,,,Lot 50,"Black cat with white on lip/nose, white socks on back feet, and little bits of white on front feet",1/1/2019,Calm overall. Usually with Radar and Faye. May walk near you and doesn't mind people,Yes,3/5/2021,Male,Sonar,https://discord.com/channels/551082419768393729/756137860570021907/824836586348871720,218,TRUE,FALSE
39. Radar,39,3/22/2026,2:46:47 PM,cici4f3,,,Lot 50,Black and white tuxedo cat. Eyes are always wide and scared-looking,1/1/2019,"Goofball of a boy. Very confident, too. Not super afraid of people",Yes,9/14/2023,Male,,https://discord.com/channels/551082419768393729/756137860570021907/1152097078592409630,280,TRUE,FALSE
40. Dumpster,40,3/22/2026,2:46:38 PM,cici4f3,,,Lot 50,"Fluffy gray tabby with lots of white. Has ""rings"" on tail",1/1/2019,is a lover of all,Yes,,Female,,,263,TRUE,FALSE
41. Gregory,41,3/22/2026,2:46:49 PM,cici4f3,,,Lot 50,"Black cat with white on legs, belly, neck, and face. White on the lower side of his face. He has a dot on his nose",4/1/2024,Usually with Eden. Skittish,Yes,9/10/2025,Male,,,351,TRUE,FALSE
42. Rubber,42,3/22/2026,2:46:47 PM,cici4f3,,,Lot 50,"Gray top, white belly. Big belly. Small mole on cat's right side of face. Oddly microwave-esque, but in a french way.",2/1/2022,Not super common sighting but will hang back and eat.,Yes,9/10/2025,Female,Stupid,The (now former) Lot 50 colony queen,350,TRUE,FALSE
43. Bruno,43,11/2/2025,5:49:37 PM,adeyumii,,,Lot 50,"Gray cat, may look black in shadows. Short-to-medium length fur. White socks on rear legs, small amount of white on chest and chin, small amount of white on front toes",1/1/2022,Kinda a dickhead to gorygreg,No,,Male,,,106,FALSE,FALSE
44. Shitbag Cuntface,44,3/23/2026,6:04:51 PM,adeyumii,,,Lot 50,Currently the only brown tabby at Lot 50. He is a rich brown with very dark stripes. Has a prominent stripe along his back. Face is thin and a bit round.,1/1/2019,Is pretty mean to the other cats sometimes and can be a big glutton,Yes,By 2/10/2021,Male,Bullet,,298,TRUE,FALSE
45. Boots,45,3/23/2026,5:09:56 PM,adeyumii,,,Lot 50,Fluffy black cat with lots of rusting. Parts of fur look gray or orange. Has white boots on back feet,1/1/2019,Super confident and calm. Other cats give him head bumps often. Confident around people,Yes,2/6/2023,Male,,https://discord.com/channels/551082419768393729/756137860570021907/1072133998438006785,608,TRUE,FALSE
46. Princess,46,3/22/2026,2:46:47 PM,cici4f3,,,Lot 50,Orange and black tortoiseshell. Has a lot of brindled orange bits along body and face. Face looks mostly orange.,1/1/2019,Hangs out with Nefarious a lot. Only a little skittish,Yes,,Female,,,126,TRUE,FALSE
47. Nefarious,47,1/15/2026,6:16:15 PM,izzyballz,,,Lot 50,Huge and super fluffy gray tabby with lots of white. Looks like albert einstein,1/1/2019,"Probably the oldest cat at L50. Mostly hangs out behind fence, but will come out after a while after being fed",Yes,2021,Male,Double Cheeseburger,Euthanized 11/7/2025,256,TRUE,FALSE
48. Houdini,48,9/24/2025,1:03:42 PM,kitadan,,,Mary Kay Apartments,Seal Point Siamese (very dark face and legs but light cream colored body),1/1/2021,"""Super rare sighting, doesn't like people""",,,,,,13,FALSE,FALSE
49. Freya,49,10/7/2025,9:07:04 AM,kitadan,,,Mary Kay Apartments,Gray and Orange tortoiseshell. Mostly gray. Looks especially sleepy most of the time.,1/1/2021,"A weird girl, loves head bumping the rest of her colony. Is especially close to her brother, Thor",Yes,,Female,,,57,FALSE,FALSE
50. Thor,50,10/14/2025,5:32:27 PM,kitadan,,,Mary Kay Apartments,Solid Gray with a very similar face and build to Freya. Face looks somewhere between sleepy and neutral,1/1/2021,Always looks kind of sleepy. Absolute foodie. Will always be sleeping near the feeder,Yes,,Male,,,47,FALSE,FALSE
51. Odin,51,1/28/2026,2:32:11 PM,kitadan,,,Mary Kay Apartments,Black and Orange Tortoiseshell,1/1/2021,"Odin is a majestic cat and a very rare one at that. He is a male tortoiseshell/calico, which makes him 1 in 3000!",Yes,2022,Male,,,11,TRUE,FALSE
52. Voidling,52,11/18/2025,3:51:16 PM,a1darek,,,"Center Chase Apartments & The Greens, Bookstore / First Baptist Church","""Black shorthair, female""",1/1/2023,"""She just shows up when she's hungry, when she's either in heat or nursing a litter. Very skittish. Brought 2 kittens to parking lot last summer.""",Yes,6/6/2025,Female,Boo,https://discord.com/channels/551082419768393729/756137860570021907/1380371495859126394,15,FALSE,FALSE
53. Piggy,53,1/11/2026,10:33:36 AM,ericagott,,,Center Chase Apartments & The Greens,"Shorthair brown tabby with extra toes on all of his feet. ""Piggy toes""",1/1/2017,"""This boy is super friendly to me. I can pick him up, give him kisses on his head, carry him around. Wants me to feed him by holding the plate on the fence while he eats.""",Yes,2017,Male,Piggy toes,Tang's great-grandson,3,TRUE,FALSE
54. Tommy,54,3/27/2025,12:37:22 AM,austinbaustinb,,,Center Chase Apartments & The Greens,Orange tabby.,1/1/2021,"""Comes around when Boo is there. Pretty sure he's the baby-daddy, lol.""",No,,Male,,,2,FALSE,FALSE
55. Callie,55,6/28/2025,7:03:04 AM,ericagott,,,Center Chase Apartments & The Greens,Calico,1/1/2014,"""Very skittish, is just now coming to eat on my porch while I'm there. It took me 6 years to catch her and stop the litters!""",Yes,08/01/2020,Female,,One of tang's first daughters,2,FALSE,FALSE
56. Lard,56,3/23/2025,12:42:25 AM,void_now,,,Mary Kay Apartments,Slightly rotund happy lookin gray tabby fella,1/1/2021,"Rare sighting, but friendly!! Loves pets",No,,Male,"""I can't believe its not pencil!""",,2,FALSE,FALSE
57. Airbus A320 Neo,57,5/6/2025,8:50:00 PM,austinbaustinb,,,Lot 50,Gray tabby with sharp yellow eyes and a pink nose,1/1/2021,Lives under some cars and the south end of lot 50. Often seen with Honda and Pallas,No,,,,,18,FALSE,FALSE
58. Eden,58,3/23/2026,6:04:51 PM,adeyumii,,,Lot 50,Gray tabby with white belly. Stripes are super dark compared to main coat,1/1/2024,Very brave. Will stare at you for a while before eating to determine if you are a threat.,Yes,8/25/2025,Male,,Likely sibling to Gregory,259,TRUE,FALSE
59. Creamsicle,59,2/11/2026,6:02:19 PM,cici4f3,,,West Campus,Orange with white belly,4/1/2024,Young and playful! But not a fan of humans,No,,,,,6,TRUE,FALSE
60. Redacted,60,8/28/2025,6:46:07 PM,wildflower1202,,,West Campus,Fully white cat with hints of pink/orange on ears.,4/1/2024,"Incredibly skittish and fast. Best defined as ""zoom""",No,,,Marshmallow,,2,FALSE,FALSE
61. Cassie,61,3/22/2026,2:46:47 PM,cici4f3,,,Lot 50,Fat black and white cat. White markings make his cheeks look more round. Tip of tail is white,1/1/2021,Fat boy,No,,Male,,,129,TRUE,FALSE
62. Gorygreg,62,3/18/2026,3:47:02 PM,adeyumii,,,Lot 50,"Black and white cat. Distinct white ""collar"" marking",4/1/2024,pregnant,No,,Female,Gorygreg,"VERY similar to gregory, but back right legs are different.",130,TRUE,FALSE
63. Mr Stinky,63,2/24/2026,4:46:12 PM,kitadan,,,"Mary Kay Apartments, All over!",Longhair classic (cinnamonroll) brown tabby,1/1/2021,"""He is always hassling noir as he is not neutered"" ",No,,Male,,,11,TRUE,FALSE
0. NotACat,0,2/28/2026,8:55:19 PM,emiximez,,,All over!,"This is to label things as ""not a cat"". If someone sends something that is a meme or not a campus cat, mark it as this instead of deleting it. This is needed to not confuse the TomCatVision thing.",1/1/1984,if not friend why friend shaped?,We don't do that.,,creature,,,428,TRUE,FALSE
64. Ernie,64,7/2/2025,9:34:45 AM,austinbaustinb,,,Heights On Pecan,Tuxedo with not a ton of white on belly. Last seen with a white flea collar and very skinny.,1/1/2023,"Fighting with Dingus, but doesn't seem as skittish or feral. Possible abandoned cat.",,,,,,37,FALSE,FALSE
65. Tepi,65,3/1/2026,7:20:53 PM,wildflower1202,,,Bookstore / First Baptist Church,"Light gray tabby who loves chilling in the sun. Green eyes, single father. Dark red nose. Defined chin",4/1/2024,Doesn't immediately run away when approached. May take bribes.,Yes,1/16/2026,Male,Christian name Tiny,"Single father of Nezhui, Coatl, and Chili",51,TRUE,FALSE
66. Toblerone,66,11/1/2025,5:40:38 PM,_costco_wholesale_,,,Bookstore / First Baptist Church,Angry lookin feller,1/1/2021,Doesn't run away. Will stare at you angrily,No,,Male,,Rolo's assumed brother,20,FALSE,FALSE
67. Waffles,67,3/20/2026,12:53:41 PM,cici4f3,,,All over!,"Brown tabby with eerie, bright yellow eyes. Stares at you angrily. Has a distinct roman numeral ""3"" on  their right side.",1/1/2021,Bitchass man,No,,Male,,,28,TRUE,FALSE
68. Unnamed Noir Child,68,7/20/2025,7:26:13 PM,kitadan,,,"Mary Kay Apartments, Zen Gardens Apartments",All black,6/1/2024,,No,,,UNC,Noir baby,16,FALSE,FALSE
69. Kinder,69,2/27/2026,9:24:13 PM,thedan5000,,,Bookstore / First Baptist Church,"Brown tabby, almost identical to Hershey. Candid expression. His ears too big for him damn he",1/1/2022,Hates you and your bloodline probably,No,,Male,Bookstore Hershey,Probably also Rolo's brother,13,TRUE,FALSE
70. Enchilada,70,4/1/2025,9:11:12 AM,pancakemixteamdj,,,Lot 50,Looks like Empanada,1/1/2022,,No,,Male probably,,,1,FALSE,FALSE
71. Robin,71,4/29/2025,8:01:49 AM,skelehusk,,,"Mary Kay Apartments, Zen Gardens Apartments",Tabby little guy at Liv+,1/1/2024,Unknown. Was found frolicking after a robin. Hangs out with Unnamed Noir Child a fair bit. Can be spotted around Liv+ and the east border of campus,No,,Male,,,11,FALSE,FALSE
72. Mr Sir,72,4/1/2025,8:24:09 PM,argonaut_1,,,"Mary Kay Apartments, Zen Gardens Apartments",Beige-ish tabby found at Liv+,1/1/2022,Very nice. Meows at the window in the morning.,No,,Male,"Fountain Pen, Mr. Pen",Humanely euthanized 4/10/2025 due to complications with FIV,1,FALSE,FALSE
73. Coronavirus,73,11/12/2025,9:46:03 PM,wildflower1202,,,"All over!, Bookstore / First Baptist Church",Basic brown tabby with a jaw comparible to a lion. Commonly confused with hershey and waffles,1/1/2022,Lets people get surprisingly close before running away. Twix saw this cat and puked. Eraser and eggs seemed scared.,No,,Male,,,82,FALSE,FALSE
75. Musketeer,75,4/12/2025,2:40:17 PM,adeyumii,,,Bookstore / First Baptist Church,Brown tabby with small eyes and a saddle on his back. Tom cat cheeks,1/1/2023,Baby daddy behavior,No,,Male,,,8,FALSE,FALSE
76. Eezard,76,2/21/2026,5:26:54 PM,spitonme,,,All over!,Usually a little green feller,5/14/1984,Skitters,We don't do that.,,Boffum,"Lizard, Anole",,21,TRUE,FALSE
77. Ooni,77,2/23/2026,5:15:06 PM,cici4f3,,,Lot 50,Solid gray with an inquisitive look. Yellow eyes,1/1/2023,Unknown,No,,,,,20,TRUE,FALSE
78. Ed Sheeran,78,4/28/2025,3:13:17 PM,wildflower1202,,,Bookstore / First Baptist Church,Bobbie's orange kitten with an interesting face,4/5/2025,Not yet weaned (As of 4/15/2025),No,,Male,,"Bobbie's child, possibly also Glockenspiel's. Adopted",24,FALSE,FALSE
79. Leaflet,79,4/28/2025,3:13:17 PM,wildflower1202,,,Bookstore / First Baptist Church,Bobbie's tortie kitten with an inquisitive look,4/5/2025,Not yet weaned (As of 4/15/2025),No,,Female,,Bobbie's Child. Adopted,11,FALSE,FALSE
80. Atzi,80,3/8/2026,8:42:10 PM,_costco_wholesale_,,,Bookstore / First Baptist Church,Gray tabby with white socks and bottom part of neck,1/1/2021,"Skittish, good mother",Yes,10/15/2025,Female,Christian name Rain,"Meaning ""rain""",67,TRUE,FALSE
81. Ehecatl,81,4/21/2025,5:11:40 PM,wildflower1202,,,Bookstore / First Baptist Church,Gray top white belly and sploches cat,4/8/2025,N/A,No,,,,"Meaning ""wind""",4,FALSE,FALSE
82. Tlatecuini,82,4/21/2025,4:36:11 PM,simplyshadow171295,,,Bookstore / First Baptist Church,Brown tabby,4/8/2025,N/A,No,,,,"Meaning ""thunder""",3,FALSE,FALSE
83. Mixtli,83,4/21/2025,5:11:09 PM,austinbaustinb,,,Bookstore / First Baptist Church,Gray top and white sleeves and nose,4/8/2025,N/A,No,,,,"Meaning ""cloud""",4,FALSE,FALSE
84. Maddox,84,11/5/2025,7:51:16 PM,adeyumii,,,Lot 50,Black and white tuxedo with lots of white on their face,,,No,,,,Possibly travels with Teddy,13,FALSE,FALSE
85. Pallas,85,5/6/2025,8:50:00 PM,austinbaustinb,,,Lot 50,Skinny brown tabby,,,,,,,,9,FALSE,FALSE
86. Honda,86,10/16/2025,9:41:43 PM,racerdg,,,Lot 50,Ash-gray classic tabby,,,,,,,honder,25,FALSE,FALSE
87. Bandit,87,11/10/2025,7:02:34 PM,simplyshadow171295,,,All over!,Raccoon!!! Big ol tail. little procyon hands,1/1/2020,Hungry. Does NOT like to be pet!!!,We don't do that.,,Yep,,,26,FALSE,FALSE
88. Vincente,88,1/3/2026,9:22:43 PM,adeyumii,,,Lot 50,Baby brown tabby,7/1/2025,Just a baby thing,Yes,11/19/2025,Male,,,124,TRUE,FALSE
89. Petal,89,3/17/2026,7:55:15 PM,izzyballz,,,West Campus,"High white calico, longhaired",,Runs (rude),No,,Female,,,46,TRUE,FALSE
90. Chimichanga,90,12/6/2025,6:02:31 PM,wildflower1202,,,West Campus,"Low white black tuxedo, longhaired",,Stares (rude),No,,,,,21,FALSE,FALSE
91. Butter,91,8/22/2025,8:11:42 PM,kitadan,,,"Mary Kay Apartments, Zen Gardens Apartments",Little gray-brown tabby baby,5/1/2025,Shy guy,No,,,,,4,FALSE,FALSE
92. Cloudy,92,10/5/2025,9:48:57 PM,austinbaustinb,,,Bookstore / First Baptist Church,Gray with no white,6/1/2025,Just a baby,No,,,Cirrus,,14,FALSE,FALSE
93. Meatball,93,11/21/2025,1:46:33 PM,adeyumii,,,Bookstore / First Baptist Church,Brown with large white socks and white marking on his lower face,6/1/2025,Scared baby,No,,,Nimbus,Elision/Bobbie child,19,FALSE,FALSE
94. Itztli,94,3/15/2026,6:57:29 PM,wildflower1202,,,Bookstore / First Baptist Church,"Solid black with a thinner coat, bright yellow eyes",2/1/2025,Sleepy but scared kitty. Getting used to people but runs at the slightest shift,No,,Female,Christian name Obsidian,"Name means ""obsidian"". Mother of Hira, Haku, and aago",74,TRUE,FALSE
95. Ariel,95,3/21/2026,10:38:31 AM,austinbaustinb,,,Lot 50,"Gray and white piebald, with a 'goatee' of a dark spot on his chin. He has a unique gray ""island-looking"" splotch on his right shoulder.",4/25/2025,"Just a babby, actively being domesticated",Yes,11/19/2025,Male,,Rubber's baby.,326,TRUE,FALSE
96. Barbie,96,3/22/2026,1:00:37 AM,.bettercalljack,,,West Campus,West campus version of Bobbie. Gray-ish black and orange. Almost identical in terms of rate of pregnancies.,,Pregnant,No,,Female,,,19,TRUE,FALSE
97. Simba,97,3/22/2026,7:33:24 PM,.bettercalljack,,,West Campus,"Light orange tabby, tiny baby",,Runs,No,,,,Likely Barbie child,26,TRUE,FALSE
98. Timon,98,2/28/2026,4:11:21 PM,pandaaaas,,,West Campus,"Medium orange tabby, a bit bigger",,Runs,No,,,,Likely Barbie child,10,TRUE,FALSE
99. Nezhui,99,1/13/2026,2:42:01 PM,wildflower1202,,,Bookstore / First Baptist Church,"Brown tabby kitten. Forehead ""M"" marking looks more like brackets than an M.",7/8/2025,Actively being domesticated,No,,Female,Christian name Skittle,"Name meaning ""my blood"" or ""my kin"". Was found deceased on the morning of 1/13/2026.",181,FALSE,TRUE
100. Coatl,100,3/15/2026,6:38:35 PM,wildflower1202,,,Bookstore / First Baptist Church,Slightly larger and darker brown tabby. Big eyes,7/8/2025,Likes to bite fingers (gently) and stare you down,No,,Male,Christian name Racer,"Name meaning ""snake""",89,TRUE,FALSE
101. Nori,101,12/23/2025,12:21:14 PM,dianaiceflame,,,West Campus,Solid black with light green/yellow eyes. Thickly built,1/1/2023,"Lets people get close, but eventually runs",No,,Female?,,,42,FALSE,FALSE
102. Keaton,102,3/3/2026,4:16:56 PM,pancakemixteamdj,,,Lot 50,"Thickly built, solid gray short coat with orange eyes.",1/1/2022,Stares at your soul (rude),No,,Male,,,25,TRUE,FALSE
103. Bea,103,3/8/2026,8:53:26 PM,cici4f3,,,Lot 50,"Gray and white piebald, fluffy coat",4/25/2025,Hungry.,No,,Male,Beabadoobee,Found deceased 3/23/2026,26,FALSE,TRUE
104. Joji,104,3/22/2026,2:46:49 PM,cici4f3,,,Lot 50,"Solid gray long coat, orange eyes",1/1/2025,Looks surprised all the time,Yes,3/10/2026,Male,,,42,TRUE,FALSE
105. Chilton,105,3/23/2026,9:40:04 PM,wildflower1202,,,Bookstore / First Baptist Church,Brownish-gray tabby with white bib,7/8/2025,Scared baby. Loves to play with lure/flirt toys and fingers,Yes,11/19/2025,Female,Christian name Chili,"Name means ""little chili""",106,TRUE,FALSE
106. Ami,106,1/11/2026,6:07:36 PM,wildflower1202,,,Bookstore / First Baptist Church,Black and white bibbed with tall white socks on back legs and white pawtips. Slight white streak on face,8/8/2025,Hides in bushes. Loves to play with lure/flirt toys,No,,Male,"Amiton, Christian name Hunter","Name means ""hunter""",63,TRUE,FALSE
107. Miztli,107,9/9/2025,1:16:47 PM,simplyshadow171295,,,Bookstore / First Baptist Church,Black and white bibbed with one white back sock. Assumed deceased,8/8/2025,Very loud,No,,N/A,Christian name Willie,"Name means ""mountain lion"" or ""wildcat""",1,FALSE,FALSE
108. Mazatl,108,2/27/2026,9:41:50 AM,adeyumii,,,Bookstore / First Baptist Church,"Light gray tabby with highlights on the underside, white toes, and under eye highlights. Fluffy/medium coat",8/1/2025,"Loves to lay and eat, wants to play but will not initiate it",No,,Male,Christian name Stag,"Name means ""deer""",44,TRUE,FALSE
109. Tlalli,109,2/27/2026,9:41:50 AM,adeyumii,,,Bookstore / First Baptist Church,"Short coated dark gray with white on toes and a streak on the nose. White bib and front toes, socks on back legs.",8/1/2025,He just kind of stares at you if you move. Will accept tube treats if you're nonchalant,No,,Male,Christian name Forrest,"Name means ""earth"" or ""soil"". Found deceased on 3/13/2026",57,FALSE,TRUE
110. Ahua,110,11/12/2025,9:46:03 PM,wildflower1202,,,Bookstore / First Baptist Church,"Brown tabby with white back socks and a stripey tail. Highlights around the tops of eyes, sonar ears and large whiskers",8/1/2025,"Alert, skittish",No,,,Christian name Thorn,"Name means ""thorn"", assumed deceased",23,FALSE,FALSE
111. Mayatl,111,1/19/2026,8:20:26 PM,wildflower1202,,,Bookstore / First Baptist Church,"Gray tabby with darker stripey tail. White front toes and highlights all around eye. Small bib, white back socks.",8/1/2025,"Sleepy, enjoyer of people and playing",No,,Male,Christian name Beetle,"Name means ""beetle""",64,TRUE,FALSE
113. Ty,113,9/11/2025,7:37:49 PM,phat_cat_207,,,West Campus,Small solid white cat,6/1/2025,tiny,No,,,"Tighty Whites, Knickers",,1,FALSE,FALSE
114. Elision,114,3/22/2026,6:09:35 PM,wildflower1202,,,Bookstore / First Baptist Church,"Medium brown tabby with white on his nose and lower face, along with a small brown patch on his chin.",1/1/2024,Extremely hungry. Will volunteer cats to get TNR'd,No,,Male,,,26,TRUE,FALSE
115. Toothless,115,2/16/2026,6:37:35 PM,izzyballz,,,North Campus / Engineering Research Building,"Solid black. Very long! A snake-like individual, this one is.",1/1/2023,INSANELY social,Yes,,Male,,"First spotted 9/13/2025, adopted 10/2/2025",97,FALSE,TRUE
116. Itzel,116,3/22/2026,6:38:40 PM,_costco_wholesale_,,,Bookstore / First Baptist Church,Mostly black calico with large orange spot on face. ,8/16/2025,"Skittish, but enjoys playing and eating. Most of the way to allowing her people to pet her",Yes,3/10/2026,Female,Christian name Rainbow,"Name means ""rainbow lady""",215,TRUE,FALSE
117. Chance,117,10/4/2025,8:36:24 PM,austinbaustinb,,,Bookstore / First Baptist Church,Smaller version of Cloudy,6/1/2025,Just a guy,No,,,,,4,FALSE,FALSE
118. Stinker,118,11/12/2025,8:52:27 AM,not_d3fault_1420,,,All over!,Black with some white stripes,6/28/1971,Stinky,We don't do that.,,Indeed,,,6,FALSE,FALSE
119. Wing,119,9/27/2025,7:38:41 PM,austinbaustinb,,,North Campus / Engineering Research Building,Calico kitten,,Runs (rude),,,Female,,Spotted with Stop,1,FALSE,FALSE
120. Stop,120,9/27/2025,7:38:41 PM,austinbaustinb,,,North Campus / Engineering Research Building,Black kitten,,Stares (rude),,,,,Spotted with Wing,2,FALSE,FALSE
121. Spongebop,121,11/5/2025,5:20:45 PM,kc.yt,,,West Campus,Black tortoiseshell,,Stares at your soul (rude),Yes,,Female,Autumn,Found deceased 11/10/2025,11,FALSE,TRUE
122. BDubs,122,10/23/2025,11:17:38 PM,emiximez,,,North Campus / Engineering Research Building,Adult black cat,,Extremely friendly,,,Male,Oil Rig,,4,FALSE,FALSE
123. Temiquini,123,10/26/2025,7:18:34 PM,wildflower1202,,,Bookstore / First Baptist Church,"Low white tortie, brown undersides",,Shameless food hogger,No,N/A,Female,"Christian name ""Dreamer""","Name means ""dreamer"". Passed away 10/27/2025",36,FALSE,TRUE
124. Yumi,124,2/22/2026,2:08:16 PM,pandaaaas,,,Lot 50,"Brown/gray and white tabby, looks like Eden, but has a white splotch on his back left leg.",,Really frightened by people,No,,Male,"Sixty-seven, 67","Gorygreg baby, likely sibling to Conan Gray",62,TRUE,FALSE
125. Conan Gray,125,3/20/2026,7:24:45 PM,.s3j,,,Lot 50,Black and white baby 🥀 ,,May let you pet him if you catch him while he's eating,No,,Male,,"Gorygreg baby, likely sibling to Yumi",116,TRUE,FALSE
126. Tax Evasion,126,3/21/2026,7:10:36 PM,austinbaustinb,,,Bookstore / First Baptist Church,"Thick. Solid black, yellow eyes",,"Very elusive. Runs when spotted. Also very argumentative, can be seen yowling at Bobbie",Yes,1/16/2026,Male,,"Similar size to Itzli, clipped ear. Doesn't cross the street to FBC. Bro weighed in at 11 lbs when he was neutered",19,TRUE,FALSE
127. Eleanor,127,12/8/2025,8:43:14 PM,adeyumii,,,Lot 50,High white gray/orange calico. Has a gray streak on her nose,,,No,,Female,,Perhaps related to Laufey?,40,FALSE,FALSE
128. Sinatra,128,2/21/2026,3:25:31 PM,pandaaaas,,,Lot 50,"Tiny brown tabby, thick arm bands",,"Very sociable, can be picked up",Yes,11/19/2025,Male,,Adopted,161,TRUE,FALSE
129. Charles,129,3/22/2026,5:24:57 PM,pandaaaas,,,Heights On Pecan,Light ginger with a mean face and white bib,1/1/2023,Hungry,No,,,,,66,TRUE,FALSE
130. Skipper,130,11/13/2025,5:38:30 PM,plink5277,,,West Campus,Darker brown tabby,9/10/2025,Just a baby,No,,,,,8,FALSE,FALSE
131. Jazzy,131,#N/A,#N/A,#N/A,,,West Campus,Lighter brown tabby,9/10/2025,Just a baby,No,,,,,0,FALSE,FALSE
132. Kelley,132,11/13/2025,5:38:30 PM,plink5277,,,West Campus,Plain dark orange tabby,9/10/2025,Just a baby,No,,,,,15,FALSE,FALSE
133. Fluff,133,11/13/2025,5:38:30 PM,plink5277,,,West Campus,Light orange/white bib,9/10/2025,Just a baby,No,,,,,5,FALSE,FALSE
134. Kacie,134,10/27/2025,3:03:52 PM,emiximez,,,West Campus,"Gray tabby, I think",9/10/2025,Just a baby,No,,,,,3,FALSE,FALSE
135. Tumor,135,10/29/2025,5:03:27 PM,void_now,,,"Mary Kay Apartments, Zen Gardens Apartments",High white creature with a funny looking 'haircut' of black,,Idk,,,,,,2,FALSE,FALSE
136. Henry,136,10/29/2025,9:50:40 PM,izzyballz,,,West Campus,CHUNKY brown tabby,,Wanders,,,,,Honorary campus cat,2,FALSE,FALSE
137. Harpy,137,3/22/2026,2:46:49 PM,cici4f3,,,Lot 50,"Brown classic tabby. Scraggly, light face, ""weird stripes"".",10/5/2025,"Not social, will stare at you funny",Yes,3/10/2026,Female,,,35,TRUE,FALSE
138. Hare,138,2/5/2026,11:56:48 AM,adeyumii,,,Lot 50,Fluffy gray,10/5/2025,Stares at you like you've got a disease,No,,,,Deceased 2/4/2026,30,FALSE,TRUE
139. Hound,139,3/21/2026,6:56:32 PM,austinbaustinb,,,Lot 50,Brown mackarel tabby,10/5/2025,Likes to sit next to Sinatra and confuse Atlas when they're IDing,Yes,3/10/2026,,,,16,TRUE,FALSE
140. Gordon,140,2/17/2026,3:28:04 PM,pancakemixteamdj,,,Lot 50,"Solid gray adult, short fur, green eyes",,Possibly traveling with Maddox?,,,,,,6,TRUE,FALSE
141. Kamahalan,141,2/9/2026,5:34:35 PM,austinbaustinb,,,Lot 50,Gray kitten,10/5/2025,Possibly rejected. Very social with humans,No,,Male,,,67,TRUE,FALSE
142. Teddy,142,11/19/2025,12:56:50 PM,adeyumii,,,Lot 50,Gray and white adult,,,,,,,May be Rubber's sibling,4,FALSE,FALSE
143. Timothy,143,11/19/2025,12:56:50 PM,adeyumii,,,Lot 50,Solid black adult,,,,,,,Named via donation,4,FALSE,FALSE
144. Peats,144,2/16/2026,6:37:22 PM,izzyballz,,,Lot 50,Tan broken tabby tom,,Drools,No,,Male,,,14,TRUE,FALSE
145. Bagel,145,11/16/2025,7:29:56 PM,_costco_wholesale_,,,Heights On Pecan,Dark orange guy,,Hates you,No,,,,,1,FALSE,FALSE
146. Monsieur Stanky,146,3/22/2026,2:46:49 PM,cici4f3,,,Lot 50,Mr. Stinky Clone. Longhaired classic tabby with a weird stare,,,No,,Female,Missus Stanky,,85,TRUE,FALSE
147. Tenextic,147,2/20/2026,9:05:27 PM,_costco_wholesale_,,,Bookstore / First Baptist Church,Dark gray tabby with a slim face. Bright green eyes,,Will watch you from a distance,Yes,2/16/2026,Male,"Random Gray, Gray",Probably Atzi's brother or something,18,TRUE,FALSE
148. Neyo,148,11/26/2025,11:50:14 AM,adeyumii,,,Lot 50,Skinny brown tabby,,Beefs,Yes,,Male,,"Caught 3/24/2026, confirmed fixed already. Unsure original TNR date.",3,FALSE,FALSE
149. Mango,149,12/6/2025,2:45:55 PM,.bettercalljack,,,Zen Gardens Apartments,Orange Noir baby.,11/10/2025,Just a babby,No,,,,,3,FALSE,FALSE
150. Larceny,150,2/20/2026,9:05:27 PM,_costco_wholesale_,,,Bookstore / First Baptist Church,Mr. Stinky lookalike,,Likes fighting,No,,Male,,,8,TRUE,FALSE
151. TheFreaker,151,2/20/2026,9:23:21 PM,_costco_wholesale_,,,Bookstore / First Baptist Church,Houdini lookalike,,Likes fighting,No,,Male,"The Freaker, The Mimic",,8,TRUE,FALSE
152. Cow Cat,152,1/9/2026,8:45:11 AM,adeyumii,,,Lot 50,Black and white cow patterned cow cat! They have a distinctive 'black splatter' pattern on a mostly white body.,,,No,,,,,6,TRUE,FALSE
153. Pachontic,153,2/20/2026,7:26:59 PM,_costco_wholesale_,,,Bookstore / First Baptist Church,Long hair gray and white. Face described as 'rat-like'. Big 'ol guy.,,"Skittish, runs",No,,Male,Eggs Clone,"Name means: ""Something wooly or hairy""",7,TRUE,FALSE
154. Cipactli,154,2/24/2026,7:45:22 PM,wildflower1202,,,Bookstore / First Baptist Church,"Tepi's almost-identical twin? Light gray tabby with broader face. Yellow eyes, black nose.",,"Skittish, stares at you until you get close",Yes,2/16/2026,Female,Gator,"Name meaning ""alligator""",1,TRUE,FALSE
155. Red 40,155,3/20/2026,8:05:11 PM,_costco_wholesale_,,,Bookstore / First Baptist Church,Brown tabby that looks either scared or sad all the time. HUGE tom cheeks,,Skittish but not completely afraid to fight,No,,Male,,,9,TRUE,FALSE
156. Nyauri,156,#N/A,#N/A,#N/A,,,Center Chase Apartments & The Greens,"Black and white bicolor, white stripe down its back",,Possibly a skunk? /j,No,,,,"Name means ""Mongoose""",0,FALSE,FALSE
157. Bundy,157,2/16/2026,6:15:35 PM,wildflower1202,,,Bookstore / First Baptist Church,Orange tuxedo with markings on snout,,Stares and fights but will run from strangers,No,,Male,EMWFOC,Was found fighting Coatl,9,TRUE,FALSE
158. Ripe Banana,158,2/26/2026,7:20:49 PM,slayc127,,,West Campus,Black cat with yellow eyes,,,No,,Male,,"""West Campus Black Cat""",2,TRUE,FALSE
159. ARDRC,159,2/24/2026,5:23:50 PM,toad5545,,,West Campus,Cream colored longhaired baby,,SUPER friendly,No,,,,"Found at ARDRC, may be someone's pet",2,TRUE,FALSE
160. Hira,160,2/28/2026,9:25:44 PM,_costco_wholesale_,,,Bookstore / First Baptist Church,Gray kitten with white on face,2/23/2026,,No,,,,itztli's litter,1,FALSE,TRUE
161. Haku,161,2/28/2026,9:25:44 PM,_costco_wholesale_,,,Bookstore / First Baptist Church,Black kitten,2/23/2026,,No,,,,itztli's litter,1,FALSE,TRUE
162. Aago,162,2/28/2026,9:25:44 PM,_costco_wholesale_,,,Bookstore / First Baptist Church,Fully gray kitten,2/23/2026,,No,,,,itztli's litter,0,TRUE,FALSE
,,,,,,,,,,,,,,,,0,,FALSE
,,,,,,,,,,,,,,,,0,,FALSE
,,,,,,,,,,,,,,,,0,,FALSE
,,,,,,,,,,,,,,,,0,,FALSE
,,,,,,,,,,,,,,,,0,,FALSE
,,,,,,,,,,,,,,,,0,,FALSE
,,,,,,,,,,,,,,,,0,,FALSE
,,,,,,,,,,,,,,,,0,,FALSE
,,,,,,,,,,,,,,,,0,,FALSE
,,,,,,,,,,,,,,,,0,,FALSE
,,,,,,,,,,,,,,,,0,,FALSE
,,,,,,,,,,,,,,,,0,,FALSE
,,,,,,,,,,,,,,,,0,,FALSE
,,,,,,,,,,,,,,,,0,,FALSE
,,,,,,,,,,,,,,,,0,,FALSE
,,,,,,,,,,,,,,,,0,,FALSE
,,,,,,,,,,,,,,,,0,,FALSE
,,,,,,,,,,,,,,,,0,,FALSE
,,,,,,,,,,,,,,,,0,,FALSE
,,,,,,,,,,,,,,,,0,,FALSE
,,,,,,,,,,,,,,,,0,,FALSE
,,,,,,,,,,,,,,,,0,,FALSE
,,,,,,,,,,,,,,,,0,,FALSE
,,,,,,,,,,,,,,,,0,,FALSE
,,,,,,,,,,,,,,,,0,,FALSE
,,,,,,,,,,,,,,,,0,,FALSE
,,,,,,,,,,,,,,,,0,,FALSE
,,,,,,,,,,,,,,,,0,,FALSE
,,,,,,,,,,,,,,,,0,,FALSE
,,,,,,,,,,,,,,,,0,,FALSE
,,,,,,,,,,,,,,,,0,,FALSE
,,,,,,,,,,,,,,,,0,,FALSE
,,,,,,,,,,,,,,,,0,,FALSE
,,,,,,,,,,,,,,,,0,,FALSE
,,,,,,,,,,,,,,,,0,,FALSE
,,,,,,,,,,,,,,,,0,,FALSE
,,,,,,,,,,,,,,,,0,,FALSE
,,,,,,,,,,,,,,,,0,,FALSE
,,,,,,,,,,,,,,,,0,,FALSE
,,,,,,,,,,,,,,,,0,,FALSE
,,,,,,,,,,,,,,,,0,,FALSE
,,,,,,,,,,,,,,,,0,,FALSE
,,,,,,,,,,,,,,,,0,,FALSE
,,,,,,,,,,,,,,,,0,,FALSE
,,,,,,,,,,,,,,,,0,,FALSE
,,,,,,,,,,,,,,,,0,,FALSE
,,,,,,,,,,,,,,,,0,,FALSE
,,,,,,,,,,,,,,,,0,,FALSE
,,,,,,,,,,,,,,,,0,,FALSE
,,,,,,,,,,,,,,,,0,,FALSE
,,,,,,,,,,,,,,,,0,,FALSE
,,,,,,,,,,,,,,,,0,,FALSE
,,,,,,,,,,,,,,,,0,,FALSE
,,,,,,,,,,,,,,,,0,,FALSE
,,,,,,,,,,,,,,,,0,,FALSE
,,,,,,,,,,,,,,,,0,,FALSE
,,,,,,,,,,,,,,,,0,,FALSE
,,,,,,,,,,,,,,,,0,,FALSE
,,,,,,,,,,,,,,,,0,,FALSE
,,,,,,,,,,,,,,,,0,,FALSE
,,,,,,,,,,,,,,,,0,,FALSE
,,,,,,,,,,,,,,,,0,,FALSE
,,,,,,,,,,,,,,,,0,,FALSE
,,,,,,,,,,,,,,,,0,,FALSE
,,,,,,,,,,,,,,,,0,,FALSE
,,,,,,,,,,,,,,,,0,,FALSE
,,,,,,,,,,,,,,,,0,,FALSE
,,,,,,,,,,,,,,,,0,,FALSE
,,,,,,,,,,,,,,,,0,,FALSE
,,,,,,,,,,,,,,,,0,,FALSE
,,,,,,,,,,,,,,,,0,,FALSE
,,,,,,,,,,,,,,,,0,,FALSE
,,,,,,,,,,,,,,,,0,,FALSE
,,,,,,,,,,,,,,,,0,,FALSE
,,,,,,,,,,,,,,,,0,,FALSE
,,,,,,,,,,,,,,,,0,,FALSE
,,,,,,,,,,,,,,,,0,,FALSE
,,,,,,,,,,,,,,,,0,,FALSE
,,,,,,,,,,,,,,,,0,,FALSE
,,,,,,,,,,,,,,,,0,,FALSE
,,,,,,,,,,,,,,,,0,,FALSE
,,,,,,,,,,,,,,,,0,,FALSE
,,,,,,,,,,,,,,,,0,,FALSE
,,,,,,,,,,,,,,,,0,,FALSE
,,,,,,,,,,,,,,,,0,,FALSE
,,,,,,,,,,,,,,,,0,,FALSE
,,,,,,,,,,,,,,,,0,,FALSE
,,,,,,,,,,,,,,,,0,,FALSE
,,,,,,,,,,,,,,,,0,,FALSE
,,,,,,,,,,,,,,,,0,,FALSE
,,,,,,,,,,,,,,,,0,,FALSE
,,,,,,,,,,,,,,,,0,,FALSE
,,,,,,,,,,,,,,,,0,,FALSE
,,,,,,,,,,,,,,,,0,,FALSE
,,,,,,,,,,,,,,,,0,,FALSE
,,,,,,,,,,,,,,,,0,,FALSE
,,,,,,,,,,,,,,,,0,,FALSE
,,,,,,,,,,,,,,,,0,,FALSE
,,,,,,,,,,,,,,,,0,,FALSE
,,,,,,,,,,,,,,,,0,,FALSE
,,,,,,,,,,,,,,,,0,,FALSE
,,,,,,,,,,,,,,,,0,,FALSE
,,,,,,,,,,,,,,,,0,,FALSE
,,,,,,,,,,,,,,,,0,,FALSE
,,,,,,,,,,,,,,,,0,,FALSE
,,,,,,,,,,,,,,,,0,,FALSE
,,,,,,,,,,,,,,,,0,,FALSE
,,,,,,,,,,,,,,,,0,,FALSE
,,,,,,,,,,,,,,,,0,,FALSE
,,,,,,,,,,,,,,,,0,,FALSE
,,,,,,,,,,,,,,,,0,,FALSE
,,,,,,,,,,,,,,,,0,,FALSE
,,,,,,,,,,,,,,,,0,,FALSE
,,,,,,,,,,,,,,,,0,,FALSE
,,,,,,,,,,,,,,,,0,,FALSE
,,,,,,,,,,,,,,,,0,,FALSE
,,,,,,,,,,,,,,,,0,,FALSE
,,,,,,,,,,,,,,,,0,,FALSE
,,,,,,,,,,,,,,,,0,,FALSE
,,,,,,,,,,,,,,,,0,,FALSE
,,,,,,,,,,,,,,,,0,,FALSE
,,,,,,,,,,,,,,,,0,,FALSE
,,,,,,,,,,,,,,,,0,,FALSE
,,,,,,,,,,,,,,,,0,,FALSE
,,,,,,,,,,,,,,,,0,,FALSE
,,,,,,,,,,,,,,,,0,,FALSE
,,,,,,,,,,,,,,,,0,,FALSE
,,,,,,,,,,,,,,,,0,,FALSE
,,,,,,,,,,,,,,,,0,,FALSE
,,,,,,,,,,,,,,,,0,,FALSE
,,,,,,,,,,,,,,,,0,,FALSE
,,,,,,,,,,,,,,,,0,,FALSE
,,,,,,,,,,,,,,,,0,,FALSE
,,,,,,,,,,,,,,,,0,,FALSE
,,,,,,,,,,,,,,,,0,,FALSE
,,,,,,,,,,,,,,,,0,,FALSE
,,,,,,,,,,,,,,,,0,,FALSE
,,,,,,,,,,,,,,,,0,,FALSE
,,,,,,,,,,,,,,,,0,,FALSE
,,,,,,,,,,,,,,,,0,,FALSE
,,,,,,,,,,,,,,,,0,,FALSE
,,,,,,,,,,,,,,,,0,,FALSE
,,,,,,,,,,,,,,,,0,,FALSE
,,,,,,,,,,,,,,,,0,,FALSE
,,,,,,,,,,,,,,,,0,,FALSE
,,,,,,,,,,,,,,,,0,,FALSE
,,,,,,,,,,,,,,,,0,,FALSE
,,,,,,,,,,,,,,,,0,,FALSE
,,,,,,,,,,,,,,,,0,,FALSE
,,,,,,,,,,,,,,,,0,,FALSE
,,,,,,,,,,,,,,,,0,,FALSE
,,,,,,,,,,,,,,,,0,,FALSE
,,,,,,,,,,,,,,,,0,,FALSE
,,,,,,,,,,,,,,,,0,,FALSE
,,,,,,,,,,,,,,,,0,,FALSE
,,,,,,,,,,,,,,,,0,,FALSE
,,,,,,,,,,,,,,,,0,,FALSE
,,,,,,,,,,,,,,,,0,,FALSE
,,,,,,,,,,,,,,,,0,,FALSE
,,,,,,,,,,,,,,,,0,,FALSE
,,,,,,,,,,,,,,,,0,,FALSE
,,,,,,,,,,,,,,,,0,,FALSE
,,,,,,,,,,,,,,,,0,,FALSE
,,,,,,,,,,,,,,,,0,,FALSE
,,,,,,,,,,,,,,,,0,,FALSE
,,,,,,,,,,,,,,,,0,,FALSE
,,,,,,,,,,,,,,,,0,,FALSE
,,,,,,,,,,,,,,,,0,,FALSE
,,,,,,,,,,,,,,,,0,,FALSE
,,,,,,,,,,,,,,,,0,,FALSE
,,,,,,,,,,,,,,,,0,,FALSE
,,,,,,,,,,,,,,,,0,,FALSE
,,,,,,,,,,,,,,,,0,,FALSE
,,,,,,,,,,,,,,,,0,,FALSE
,,,,,,,,,,,,,,,,0,,FALSE
,,,,,,,,,,,,,,,,0,,FALSE
,,,,,,,,,,,,,,,,0,,FALSE
,,,,,,,,,,,,,,,,0,,FALSE
,,,,,,,,,,,,,,,,0,,FALSE
,,,,,,,,,,,,,,,,0,,FALSE
,,,,,,,,,,,,,,,,0,,FALSE
,,,,,,,,,,,,,,,,0,,FALSE
,,,,,,,,,,,,,,,,0,,FALSE
,,,,,,,,,,,,,,,,0,,FALSE
,,,,,,,,,,,,,,,,0,,FALSE
,,,,,,,,,,,,,,,,0,,FALSE
,,,,,,,,,,,,,,,,0,,FALSE
,,,,,,,,,,,,,,,,0,,FALSE
,,,,,,,,,,,,,,,,0,,FALSE
,,,,,,,,,,,,,,,,0,,FALSE
,,,,,,,,,,,,,,,,0,,FALSE
,,,,,,,,,,,,,,,,0,,FALSE
,,,,,,,,,,,,,,,,0,,FALSE
,,,,,,,,,,,,,,,,0,,FALSE
,,,,,,,,,,,,,,,,0,,FALSE
,,,,,,,,,,,,,,,,0,,FALSE
,,,,,,,,,,,,,,,,0,,FALSE
,,,,,,,,,,,,,,,,0,,FALSE
,,,,,,,,,,,,,,,,0,,FALSE
,,,,,,,,,,,,,,,,0,,FALSE
,,,,,,,,,,,,,,,,0,,FALSE
,,,,,,,,,,,,,,,,0,,FALSE
,,,,,,,,,,,,,,,,0,,FALSE
,,,,,,,,,,,,,,,,0,,FALSE
,,,,,,,,,,,,,,,,0,,FALSE
,,,,,,,,,,,,,,,,0,,FALSE
,,,,,,,,,,,,,,,,0,,FALSE
,,,,,,,,,,,,,,,,0,,FALSE
,,,,,,,,,,,,,,,,0,,FALSE
,,,,,,,,,,,,,,,,0,,FALSE
,,,,,,,,,,,,,,,,0,,FALSE
,,,,,,,,,,,,,,,,0,,FALSE
,,,,,,,,,,,,,,,,0,,FALSE
,,,,,,,,,,,,,,,,0,,FALSE
,,,,,,,,,,,,,,,,0,,FALSE
,,,,,,,,,,,,,,,,0,,FALSE
,,,,,,,,,,,,,,,,0,,FALSE
,,,,,,,,,,,,,,,,0,,FALSE
,,,,,,,,,,,,,,,,0,,FALSE
,,,,,,,,,,,,,,,,0,,FALSE
,,,,,,,,,,,,,,,,0,,FALSE
,,,,,,,,,,,,,,,,0,,FALSE
,,,,,,,,,,,,,,,,0,,FALSE
,,,,,,,,,,,,,,,,0,,FALSE
,,,,,,,,,,,,,,,,0,,FALSE
,,,,,,,,,,,,,,,,0,,FALSE
,,,,,,,,,,,,,,,,0,,FALSE
,,,,,,,,,,,,,,,,0,,FALSE
,,,,,,,,,,,,,,,,0,,FALSE
,,,,,,,,,,,,,,,,0,,FALSE
,,,,,,,,,,,,,,,,0,,FALSE
,,,,,,,,,,,,,,,,0,,FALSE
,,,,,,,,,,,,,,,,0,,FALSE
,,,,,,,,,,,,,,,,0,,FALSE
,,,,,,,,,,,,,,,,0,,FALSE
,,,,,,,,,,,,,,,,0,,FALSE
,,,,,,,,,,,,,,,,0,,FALSE
,,,,,,,,,,,,,,,,0,,FALSE
,,,,,,,,,,,,,,,,0,,FALSE
,,,,,,,,,,,,,,,,0,,FALSE
,,,,,,,,,,,,,,,,0,,FALSE
,,,,,,,,,,,,,,,,0,,FALSE
,,,,,,,,,,,,,,,,0,,FALSE
,,,,,,,,,,,,,,,,0,,FALSE
,,,,,,,,,,,,,,,,0,,FALSE
,,,,,,,,,,,,,,,,0,,FALSE
,,,,,,,,,,,,,,,,0,,FALSE
,,,,,,,,,,,,,,,,0,,FALSE
,,,,,,,,,,,,,,,,0,,FALSE
,,,,,,,,,,,,,,,,0,,FALSE
,,,,,,,,,,,,,,,,0,,FALSE
,,,,,,,,,,,,,,,,0,,FALSE
,,,,,,,,,,,,,,,,0,,FALSE
,,,,,,,,,,,,,,,,0,,FALSE
,,,,,,,,,,,,,,,,0,,FALSE
,,,,,,,,,,,,,,,,0,,FALSE
,,,,,,,,,,,,,,,,0,,FALSE
,,,,,,,,,,,,,,,,0,,FALSE
,,,,,,,,,,,,,,,,0,,FALSE
,,,,,,,,,,,,,,,,0,,FALSE
,,,,,,,,,,,,,,,,0,,FALSE
,,,,,,,,,,,,,,,,0,,FALSE
,,,,,,,,,,,,,,,,0,,FALSE
,,,,,,,,,,,,,,,,0,,FALSE
,,,,,,,,,,,,,,,,0,,FALSE
,,,,,,,,,,,,,,,,0,,FALSE
,,,,,,,,,,,,,,,,0,,FALSE
,,,,,,,,,,,,,,,,0,,FALSE
,,,,,,,,,,,,,,,,0,,FALSE
,,,,,,,,,,,,,,,,0,,FALSE
,,,,,,,,,,,,,,,,0,,FALSE
,,,,,,,,,,,,,,,,0,,FALSE
,,,,,,,,,,,,,,,,0,,FALSE
,,,,,,,,,,,,,,,,0,,FALSE
,,,,,,,,,,,,,,,,0,,FALSE
,,,,,,,,,,,,,,,,0,,FALSE
,,,,,,,,,,,,,,,,0,,FALSE
,,,,,,,,,,,,,,,,0,,FALSE
,,,,,,,,,,,,,,,,0,,FALSE
,,,,,,,,,,,,,,,,0,,FALSE
,,,,,,,,,,,,,,,,0,,FALSE
,,,,,,,,,,,,,,,,0,,FALSE
,,,,,,,,,,,,,,,,0,,FALSE
,,,,,,,,,,,,,,,,0,,FALSE
,,,,,,,,,,,,,,,,0,,FALSE
,,,,,,,,,,,,,,,,0,,FALSE
,,,,,,,,,,,,,,,,0,,FALSE
,,,,,,,,,,,,,,,,0,,FALSE
,,,,,,,,,,,,,,,,0,,FALSE
,,,,,,,,,,,,,,,,0,,FALSE
,,,,,,,,,,,,,,,,0,,FALSE
,,,,,,,,,,,,,,,,0,,FALSE
,,,,,,,,,,,,,,,,0,,FALSE
,,,,,,,,,,,,,,,,0,,FALSE
,,,,,,,,,,,,,,,,0,,FALSE
,,,,,,,,,,,,,,,,0,,FALSE
,,,,,,,,,,,,,,,,0,,FALSE
,,,,,,,,,,,,,,,,0,,FALSE
,,,,,,,,,,,,,,,,0,,FALSE
,,,,,,,,,,,,,,,,0,,FALSE
,,,,,,,,,,,,,,,,0,,FALSE
,,,,,,,,,,,,,,,,0,,FALSE
,,,,,,,,,,,,,,,,0,,FALSE
,,,,,,,,,,,,,,,,0,,FALSE
,,,,,,,,,,,,,,,,0,,FALSE
,,,,,,,,,,,,,,,,0,,FALSE
,,,,,,,,,,,,,,,,0,,FALSE
,,,,,,,,,,,,,,,,0,,FALSE
,,,,,,,,,,,,,,,,0,,FALSE
,,,,,,,,,,,,,,,,0,,FALSE
,,,,,,,,,,,,,,,,0,,FALSE
,,,,,,,,,,,,,,,,0,,FALSE
,,,,,,,,,,,,,,,,0,,FALSE
,,,,,,,,,,,,,,,,0,,FALSE
,,,,,,,,,,,,,,,,0,,FALSE
,,,,,,,,,,,,,,,,0,,FALSE
,,,,,,,,,,,,,,,,0,,FALSE
,,,,,,,,,,,,,,,,0,,FALSE
,,,,,,,,,,,,,,,,0,,FALSE
,,,,,,,,,,,,,,,,0,,FALSE
,,,,,,,,,,,,,,,,0,,FALSE
,,,,,,,,,,,,,,,,0,,FALSE
,,,,,,,,,,,,,,,,0,,FALSE
,,,,,,,,,,,,,,,,0,,FALSE
,,,,,,,,,,,,,,,,0,,FALSE
,,,,,,,,,,,,,,,,0,,FALSE
,,,,,,,,,,,,,,,,0,,FALSE
,,,,,,,,,,,,,,,,0,,FALSE
,,,,,,,,,,,,,,,,0,,FALSE
,,,,,,,,,,,,,,,,0,,FALSE
,,,,,,,,,,,,,,,,0,,FALSE
,,,,,,,,,,,,,,,,0,,FALSE
,,,,,,,,,,,,,,,,0,,FALSE
,,,,,,,,,,,,,,,,0,,FALSE
,,,,,,,,,,,,,,,,0,,FALSE
,,,,,,,,,,,,,,,,0,,FALSE
,,,,,,,,,,,,,,,,0,,FALSE
,,,,,,,,,,,,,,,,0,,FALSE
,,,,,,,,,,,,,,,,0,,FALSE
,,,,,,,,,,,,,,,,0,,FALSE
,,,,,,,,,,,,,,,,0,,FALSE
,,,,,,,,,,,,,,,,0,,FALSE
,,,,,,,,,,,,,,,,0,,FALSE
,,,,,,,,,,,,,,,,0,,FALSE
,,,,,,,,,,,,,,,,0,,FALSE
,,,,,,,,,,,,,,,,0,,FALSE
,,,,,,,,,,,,,,,,0,,FALSE
,,,,,,,,,,,,,,,,0,,FALSE
,,,,,,,,,,,,,,,,0,,FALSE
,,,,,,,,,,,,,,,,0,,FALSE
,,,,,,,,,,,,,,,,0,,FALSE
,,,,,,,,,,,,,,,,0,,FALSE
,,,,,,,,,,,,,,,,0,,FALSE
,,,,,,,,,,,,,,,,0,,FALSE
,,,,,,,,,,,,,,,,0,,FALSE
,,,,,,,,,,,,,,,,0,,FALSE
,,,,,,,,,,,,,,,,0,,FALSE
,,,,,,,,,,,,,,,,0,,FALSE
,,,,,,,,,,,,,,,,0,,FALSE
,,,,,,,,,,,,,,,,0,,FALSE
,,,,,,,,,,,,,,,,0,,FALSE
,,,,,,,,,,,,,,,,0,,FALSE
,,,,,,,,,,,,,,,,0,,FALSE
,,,,,,,,,,,,,,,,0,,FALSE
,,,,,,,,,,,,,,,,0,,FALSE
,,,,,,,,,,,,,,,,0,,FALSE
,,,,,,,,,,,,,,,,0,,FALSE
,,,,,,,,,,,,,,,,0,,FALSE
,,,,,,,,,,,,,,,,0,,FALSE
,,,,,,,,,,,,,,,,0,,FALSE
,,,,,,,,,,,,,,,,0,,FALSE
,,,,,,,,,,,,,,,,0,,FALSE
,,,,,,,,,,,,,,,,0,,FALSE
,,,,,,,,,,,,,,,,0,,FALSE
,,,,,,,,,,,,,,,,0,,FALSE
,,,,,,,,,,,,,,,,0,,FALSE
,,,,,,,,,,,,,,,,0,,FALSE
,,,,,,,,,,,,,,,,0,,FALSE
,,,,,,,,,,,,,,,,0,,FALSE
,,,,,,,,,,,,,,,,0,,FALSE
,,,,,,,,,,,,,,,,0,,FALSE
,,,,,,,,,,,,,,,,0,,FALSE
,,,,,,,,,,,,,,,,0,,FALSE
,,,,,,,,,,,,,,,,0,,FALSE
,,,,,,,,,,,,,,,,0,,FALSE
,,,,,,,,,,,,,,,,0,,FALSE
,,,,,,,,,,,,,,,,0,,FALSE
,,,,,,,,,,,,,,,,0,,FALSE
,,,,,,,,,,,,,,,,0,,FALSE
,,,,,,,,,,,,,,,,0,,FALSE
,,,,,,,,,,,,,,,,0,,FALSE
,,,,,,,,,,,,,,,,0,,FALSE
,,,,,,,,,,,,,,,,0,,FALSE
,,,,,,,,,,,,,,,,0,,FALSE
,,,,,,,,,,,,,,,,0,,FALSE
,,,,,,,,,,,,,,,,0,,FALSE
,,,,,,,,,,,,,,,,0,,FALSE
,,,,,,,,,,,,,,,,0,,FALSE
,,,,,,,,,,,,,,,,0,,FALSE
,,,,,,,,,,,,,,,,0,,FALSE
,,,,,,,,,,,,,,,,0,,FALSE
,,,,,,,,,,,,,,,,0,,FALSE
,,,,,,,,,,,,,,,,0,,FALSE
,,,,,,,,,,,,,,,,0,,FALSE
,,,,,,,,,,,,,,,,0,,FALSE
,,,,,,,,,,,,,,,,0,,FALSE
,,,,,,,,,,,,,,,,0,,FALSE
,,,,,,,,,,,,,,,,0,,FALSE
,,,,,,,,,,,,,,,,0,,FALSE
,,,,,,,,,,,,,,,,0,,FALSE
,,,,,,,,,,,,,,,,0,,FALSE
,,,,,,,,,,,,,,,,0,,FALSE
,,,,,,,,,,,,,,,,0,,FALSE
,,,,,,,,,,,,,,,,0,,FALSE
,,,,,,,,,,,,,,,,0,,FALSE
,,,,,,,,,,,,,,,,0,,FALSE
,,,,,,,,,,,,,,,,0,,FALSE
,,,,,,,,,,,,,,,,0,,FALSE
,,,,,,,,,,,,,,,,0,,FALSE
,,,,,,,,,,,,,,,,0,,FALSE
,,,,,,,,,,,,,,,,0,,FALSE
,,,,,,,,,,,,,,,,0,,FALSE
,,,,,,,,,,,,,,,,0,,FALSE
,,,,,,,,,,,,,,,,0,,FALSE
,,,,,,,,,,,,,,,,0,,FALSE
,,,,,,,,,,,,,,,,0,,FALSE
,,,,,,,,,,,,,,,,0,,FALSE
,,,,,,,,,,,,,,,,0,,FALSE
,,,,,,,,,,,,,,,,0,,FALSE
,,,,,,,,,,,,,,,,0,,FALSE
,,,,,,,,,,,,,,,,0,,FALSE
,,,,,,,,,,,,,,,,0,,FALSE
,,,,,,,,,,,,,,,,0,,FALSE
,,,,,,,,,,,,,,,,0,,FALSE
,,,,,,,,,,,,,,,,0,,FALSE
,,,,,,,,,,,,,,,,0,,FALSE
,,,,,,,,,,,,,,,,0,,FALSE
,,,,,,,,,,,,,,,,0,,FALSE
,,,,,,,,,,,,,,,,0,,FALSE
,,,,,,,,,,,,,,,,0,,FALSE
,,,,,,,,,,,,,,,,0,,FALSE
,,,,,,,,,,,,,,,,0,,FALSE
,,,,,,,,,,,,,,,,0,,FALSE
,,,,,,,,,,,,,,,,0,,FALSE
,,,,,,,,,,,,,,,,0,,FALSE
,,,,,,,,,,,,,,,,0,,FALSE
,,,,,,,,,,,,,,,,0,,FALSE
,,,,,,,,,,,,,,,,0,,FALSE
,,,,,,,,,,,,,,,,0,,FALSE
,,,,,,,,,,,,,,,,0,,FALSE
,,,,,,,,,,,,,,,,0,,FALSE
,,,,,,,,,,,,,,,,0,,FALSE
,,,,,,,,,,,,,,,,0,,FALSE
,,,,,,,,,,,,,,,,0,,FALSE
,,,,,,,,,,,,,,,,0,,FALSE
,,,,,,,,,,,,,,,,0,,FALSE
,,,,,,,,,,,,,,,,0,,FALSE
,,,,,,,,,,,,,,,,0,,FALSE
,,,,,,,,,,,,,,,,0,,FALSE
,,,,,,,,,,,,,,,,0,,FALSE
,,,,,,,,,,,,,,,,0,,FALSE
,,,,,,,,,,,,,,,,0,,FALSE
,,,,,,,,,,,,,,,,0,,FALSE
,,,,,,,,,,,,,,,,0,,FALSE
,,,,,,,,,,,,,,,,0,,FALSE
,,,,,,,,,,,,,,,,0,,FALSE
,,,,,,,,,,,,,,,,0,,FALSE
,,,,,,,,,,,,,,,,0,,FALSE
,,,,,,,,,,,,,,,,0,,FALSE
,,,,,,,,,,,,,,,,0,,FALSE
,,,,,,,,,,,,,,,,0,,FALSE
,,,,,,,,,,,,,,,,0,,FALSE
,,,,,,,,,,,,,,,,0,,FALSE
,,,,,,,,,,,,,,,,0,,FALSE
,,,,,,,,,,,,,,,,0,,FALSE
,,,,,,,,,,,,,,,,0,,FALSE
,,,,,,,,,,,,,,,,0,,FALSE
,,,,,,,,,,,,,,,,0,,FALSE
,,,,,,,,,,,,,,,,0,,FALSE
,,,,,,,,,,,,,,,,0,,FALSE
,,,,,,,,,,,,,,,,0,,FALSE
,,,,,,,,,,,,,,,,0,,FALSE
,,,,,,,,,,,,,,,,0,,FALSE
,,,,,,,,,,,,,,,,0,,FALSE
,,,,,,,,,,,,,,,,0,,FALSE
,,,,,,,,,,,,,,,,0,,FALSE
,,,,,,,,,,,,,,,,0,,FALSE
,,,,,,,,,,,,,,,,0,,FALSE
,,,,,,,,,,,,,,,,0,,FALSE
,,,,,,,,,,,,,,,,0,,FALSE
,,,,,,,,,,,,,,,,0,,FALSE
,,,,,,,,,,,,,,,,0,,FALSE
,,,,,,,,,,,,,,,,0,,FALSE
,,,,,,,,,,,,,,,,0,,FALSE
,,,,,,,,,,,,,,,,0,,FALSE
,,,,,,,,,,,,,,,,0,,FALSE
,,,,,,,,,,,,,,,,0,,FALSE
,,,,,,,,,,,,,,,,0,,FALSE
,,,,,,,,,,,,,,,,0,,FALSE
,,,,,,,,,,,,,,,,0,,FALSE
,,,,,,,,,,,,,,,,0,,FALSE
,,,,,,,,,,,,,,,,0,,FALSE
,,,,,,,,,,,,,,,,0,,FALSE
,,,,,,,,,,,,,,,,0,,FALSE
,,,,,,,,,,,,,,,,0,,FALSE
,,,,,,,,,,,,,,,,0,,FALSE
,,,,,,,,,,,,,,,,0,,FALSE
,,,,,,,,,,,,,,,,0,,FALSE
,,,,,,,,,,,,,,,,0,,FALSE
,,,,,,,,,,,,,,,,0,,FALSE
,,,,,,,,,,,,,,,,0,,FALSE
,,,,,,,,,,,,,,,,0,,FALSE
,,,,,,,,,,,,,,,,0,,FALSE
,,,,,,,,,,,,,,,,0,,FALSE
,,,,,,,,,,,,,,,,0,,FALSE
,,,,,,,,,,,,,,,,0,,FALSE
,,,,,,,,,,,,,,,,0,,FALSE
,,,,,,,,,,,,,,,,0,,FALSE
,,,,,,,,,,,,,,,,0,,FALSE
,,,,,,,,,,,,,,,,0,,FALSE
,,,,,,,,,,,,,,,,0,,FALSE
,,,,,,,,,,,,,,,,0,,FALSE
,,,,,,,,,,,,,,,,0,,FALSE
,,,,,,,,,,,,,,,,0,,FALSE
,,,,,,,,,,,,,,,,0,,FALSE
,,,,,,,,,,,,,,,,0,,FALSE
,,,,,,,,,,,,,,,,0,,FALSE
,,,,,,,,,,,,,,,,0,,FALSE
,,,,,,,,,,,,,,,,0,,FALSE
,,,,,,,,,,,,,,,,0,,FALSE
,,,,,,,,,,,,,,,,0,,FALSE
,,,,,,,,,,,,,,,,0,,FALSE
,,,,,,,,,,,,,,,,0,,FALSE
,,,,,,,,,,,,,,,,0,,FALSE
,,,,,,,,,,,,,,,,0,,FALSE
,,,,,,,,,,,,,,,,0,,FALSE
,,,,,,,,,,,,,,,,0,,FALSE
,,,,,,,,,,,,,,,,0,,FALSE
,,,,,,,,,,,,,,,,0,,FALSE
,,,,,,,,,,,,,,,,0,,FALSE
,,,,,,,,,,,,,,,,0,,FALSE
,,,,,,,,,,,,,,,,0,,FALSE
,,,,,,,,,,,,,,,,0,,FALSE
,,,,,,,,,,,,,,,,0,,FALSE
,,,,,,,,,,,,,,,,0,,FALSE
,,,,,,,,,,,,,,,,0,,FALSE
,,,,,,,,,,,,,,,,0,,FALSE
,,,,,,,,,,,,,,,,0,,FALSE
,,,,,,,,,,,,,,,,0,,FALSE
,,,,,,,,,,,,,,,,0,,FALSE
,,,,,,,,,,,,,,,,0,,FALSE
,,,,,,,,,,,,,,,,0,,FALSE
,,,,,,,,,,,,,,,,0,,FALSE
,,,,,,,,,,,,,,,,0,,FALSE
,,,,,,,,,,,,,,,,0,,FALSE
,,,,,,,,,,,,,,,,0,,FALSE
,,,,,,,,,,,,,,,,0,,FALSE
,,,,,,,,,,,,,,,,0,,FALSE
,,,,,,,,,,,,,,,,0,,FALSE
,,,,,,,,,,,,,,,,0,,FALSE
,,,,,,,,,,,,,,,,0,,FALSE
,,,,,,,,,,,,,,,,0,,FALSE
,,,,,,,,,,,,,,,,0,,FALSE
,,,,,,,,,,,,,,,,0,,FALSE
,,,,,,,,,,,,,,,,0,,FALSE
,,,,,,,,,,,,,,,,0,,FALSE
,,,,,,,,,,,,,,,,0,,FALSE
,,,,,,,,,,,,,,,,0,,FALSE
,,,,,,,,,,,,,,,,0,,FALSE
,,,,,,,,,,,,,,,,0,,FALSE
,,,,,,,,,,,,,,,,0,,FALSE
,,,,,,,,,,,,,,,,0,,FALSE
,,,,,,,,,,,,,,,,0,,FALSE
,,,,,,,,,,,,,,,,0,,FALSE
,,,,,,,,,,,,,,,,0,,FALSE
,,,,,,,,,,,,,,,,0,,FALSE
,,,,,,,,,,,,,,,,0,,FALSE
,,,,,,,,,,,,,,,,0,,FALSE
,,,,,,,,,,,,,,,,0,,FALSE
,,,,,,,,,,,,,,,,0,,FALSE
,,,,,,,,,,,,,,,,0,,FALSE
,,,,,,,,,,,,,,,,0,,FALSE
,,,,,,,,,,,,,,,,0,,FALSE
,,,,,,,,,,,,,,,,0,,FALSE
,,,,,,,,,,,,,,,,0,,FALSE
,,,,,,,,,,,,,,,,0,,FALSE
,,,,,,,,,,,,,,,,0,,FALSE
,,,,,,,,,,,,,,,,0,,FALSE
,,,,,,,,,,,,,,,,0,,FALSE
,,,,,,,,,,,,,,,,0,,FALSE
,,,,,,,,,,,,,,,,0,,FALSE
,,,,,,,,,,,,,,,,0,,FALSE
,,,,,,,,,,,,,,,,0,,FALSE
,,,,,,,,,,,,,,,,0,,FALSE
,,,,,,,,,,,,,,,,0,,FALSE
,,,,,,,,,,,,,,,,0,,FALSE
,,,,,,,,,,,,,,,,0,,FALSE
,,,,,,,,,,,,,,,,0,,FALSE
,,,,,,,,,,,,,,,,0,,FALSE
,,,,,,,,,,,,,,,,0,,FALSE
,,,,,,,,,,,,,,,,0,,FALSE
,,,,,,,,,,,,,,,,0,,FALSE
,,,,,,,,,,,,,,,,0,,FALSE
,,,,,,,,,,,,,,,,0,,FALSE
,,,,,,,,,,,,,,,,0,,FALSE
,,,,,,,,,,,,,,,,0,,FALSE
,,,,,,,,,,,,,,,,0,,FALSE
,,,,,,,,,,,,,,,,0,,FALSE
,,,,,,,,,,,,,,,,0,,FALSE
,,,,,,,,,,,,,,,,0,,FALSE
,,,,,,,,,,,,,,,,0,,FALSE
,,,,,,,,,,,,,,,,0,,FALSE
,,,,,,,,,,,,,,,,0,,FALSE
,,,,,,,,,,,,,,,,0,,FALSE
,,,,,,,,,,,,,,,,0,,FALSE
,,,,,,,,,,,,,,,,0,,FALSE
,,,,,,,,,,,,,,,,0,,FALSE
,,,,,,,,,,,,,,,,0,,FALSE
,,,,,,,,,,,,,,,,0,,FALSE
,,,,,,,,,,,,,,,,0,,FALSE
,,,,,,,,,,,,,,,,0,,FALSE
,,,,,,,,,,,,,,,,0,,FALSE
,,,,,,,,,,,,,,,,0,,FALSE
,,,,,,,,,,,,,,,,0,,FALSE
,,,,,,,,,,,,,,,,0,,FALSE
,,,,,,,,,,,,,,,,0,,FALSE
,,,,,,,,,,,,,,,,0,,FALSE
,,,,,,,,,,,,,,,,0,,FALSE
,,,,,,,,,,,,,,,,0,,FALSE
,,,,,,,,,,,,,,,,0,,FALSE
,,,,,,,,,,,,,,,,0,,FALSE
,,,,,,,,,,,,,,,,0,,FALSE
,,,,,,,,,,,,,,,,0,,FALSE
,,,,,,,,,,,,,,,,0,,FALSE
,,,,,,,,,,,,,,,,0,,FALSE
,,,,,,,,,,,,,,,,0,,FALSE
,,,,,,,,,,,,,,,,0,,FALSE
,,,,,,,,,,,,,,,,0,,FALSE
,,,,,,,,,,,,,,,,0,,FALSE
,,,,,,,,,,,,,,,,0,,FALSE
,,,,,,,,,,,,,,,,0,,FALSE
,,,,,,,,,,,,,,,,0,,FALSE
,,,,,,,,,,,,,,,,0,,FALSE
,,,,,,,,,,,,,,,,0,,FALSE
,,,,,,,,,,,,,,,,0,,FALSE
,,,,,,,,,,,,,,,,0,,FALSE
,,,,,,,,,,,,,,,,0,,FALSE
,,,,,,,,,,,,,,,,0,,FALSE
,,,,,,,,,,,,,,,,0,,FALSE
,,,,,,,,,,,,,,,,0,,FALSE
,,,,,,,,,,,,,,,,0,,FALSE
,,,,,,,,,,,,,,,,0,,FALSE
,,,,,,,,,,,,,,,,0,,FALSE
,,,,,,,,,,,,,,,,0,,FALSE
,,,,,,,,,,,,,,,,0,,FALSE
,,,,,,,,,,,,,,,,0,,FALSE
,,,,,,,,,,,,,,,,0,,FALSE
,,,,,,,,,,,,,,,,0,,FALSE
,,,,,,,,,,,,,,,,0,,FALSE
,,,,,,,,,,,,,,,,0,,FALSE
,,,,,,,,,,,,,,,,0,,FALSE
,,,,,,,,,,,,,,,,0,,FALSE
,,,,,,,,,,,,,,,,0,,FALSE
,,,,,,,,,,,,,,,,0,,FALSE
,,,,,,,,,,,,,,,,0,,FALSE
,,,,,,,,,,,,,,,,0,,FALSE
,,,,,,,,,,,,,,,,0,,FALSE
,,,,,,,,,,,,,,,,0,,FALSE
,,,,,,,,,,,,,,,,0,,FALSE
,,,,,,,,,,,,,,,,0,,FALSE
,,,,,,,,,,,,,,,,0,,FALSE
,,,,,,,,,,,,,,,,0,,FALSE
,,,,,,,,,,,,,,,,0,,FALSE
,,,,,,,,,,,,,,,,0,,FALSE
,,,,,,,,,,,,,,,,0,,FALSE
,,,,,,,,,,,,,,,,0,,FALSE
,,,,,,,,,,,,,,,,0,,FALSE
,,,,,,,,,,,,,,,,0,,FALSE
,,,,,,,,,,,,,,,,0,,FALSE
,,,,,,,,,,,,,,,,0,,FALSE
,,,,,,,,,,,,,,,,0,,FALSE
,,,,,,,,,,,,,,,,0,,FALSE
,,,,,,,,,,,,,,,,0,,FALSE
,,,,,,,,,,,,,,,,0,,FALSE
,,,,,,,,,,,,,,,,0,,FALSE
,,,,,,,,,,,,,,,,0,,FALSE
,,,,,,,,,,,,,,,,0,,FALSE
,,,,,,,,,,,,,,,,0,,FALSE
,,,,,,,,,,,,,,,,0,,FALSE
,,,,,,,,,,,,,,,,0,,FALSE
,,,,,,,,,,,,,,,,0,,FALSE
,,,,,,,,,,,,,,,,0,,FALSE
,,,,,,,,,,,,,,,,0,,FALSE
,,,,,,,,,,,,,,,,0,,FALSE
,,,,,,,,,,,,,,,,0,,FALSE
,,,,,,,,,,,,,,,,0,,FALSE
,,,,,,,,,,,,,,,,0,,FALSE
,,,,,,,,,,,,,,,,0,,FALSE
,,,,,,,,,,,,,,,,0,,FALSE
,,,,,,,,,,,,,,,,0,,FALSE
,,,,,,,,,,,,,,,,0,,FALSE
,,,,,,,,,,,,,,,,0,,FALSE
,,,,,,,,,,,,,,,,0,,FALSE
,,,,,,,,,,,,,,,,0,,FALSE
,,,,,,,,,,,,,,,,0,,FALSE
,,,,,,,,,,,,,,,,0,,FALSE
,,,,,,,,,,,,,,,,0,,FALSE
,,,,,,,,,,,,,,,,0,,FALSE
,,,,,,,,,,,,,,,,0,,FALSE
,,,,,,,,,,,,,,,,0,,FALSE
,,,,,,,,,,,,,,,,0,,FALSE
,,,,,,,,,,,,,,,,0,,FALSE
,,,,,,,,,,,,,,,,0,,FALSE
,,,,,,,,,,,,,,,,0,,FALSE
,,,,,,,,,,,,,,,,0,,FALSE
,,,,,,,,,,,,,,,,0,,FALSE
,,,,,,,,,,,,,,,,0,,FALSE
,,,,,,,,,,,,,,,,0,,FALSE
,,,,,,,,,,,,,,,,0,,FALSE
,,,,,,,,,,,,,,,,0,,FALSE
,,,,,,,,,,,,,,,,0,,FALSE
,,,,,,,,,,,,,,,,0,,FALSE
,,,,,,,,,,,,,,,,0,,FALSE
,,,,,,,,,,,,,,,,0,,FALSE
,,,,,,,,,,,,,,,,0,,FALSE
,,,,,,,,,,,,,,,,0,,FALSE
,,,,,,,,,,,,,,,,0,,FALSE
,,,,,,,,,,,,,,,,0,,FALSE
,,,,,,,,,,,,,,,,0,,FALSE
,,,,,,,,,,,,,,,,0,,FALSE
,,,,,,,,,,,,,,,,0,,FALSE
,,,,,,,,,,,,,,,,0,,FALSE
,,,,,,,,,,,,,,,,0,,FALSE
,,,,,,,,,,,,,,,,0,,FALSE
,,,,,,,,,,,,,,,,0,,FALSE
,,,,,,,,,,,,,,,,0,,FALSE
,,,,,,,,,,,,,,,,0,,FALSE
,,,,,,,,,,,,,,,,0,,FALSE
,,,,,,,,,,,,,,,,0,,FALSE
,,,,,,,,,,,,,,,,0,,FALSE
,,,,,,,,,,,,,,,,0,,FALSE
,,,,,,,,,,,,,,,,0,,FALSE
,,,,,,,,,,,,,,,,0,,FALSE
,,,,,,,,,,,,,,,,0,,FALSE
,,,,,,,,,,,,,,,,0,,FALSE
,,,,,,,,,,,,,,,,0,,FALSE
,,,,,,,,,,,,,,,,0,,FALSE
,,,,,,,,,,,,,,,,0,,FALSE
,,,,,,,,,,,,,,,,0,,FALSE
,,,,,,,,,,,,,,,,0,,FALSE
,,,,,,,,,,,,,,,,0,,FALSE
,,,,,,,,,,,,,,,,0,,FALSE
,,,,,,,,,,,,,,,,0,,FALSE
,,,,,,,,,,,,,,,,0,,FALSE
,,,,,,,,,,,,,,,,0,,FALSE
,,,,,,,,,,,,,,,,0,,FALSE
,,,,,,,,,,,,,,,,0,,FALSE
,,,,,,,,,,,,,,,,0,,FALSE
,,,,,,,,,,,,,,,,0,,FALSE
,,,,,,,,,,,,,,,,0,,FALSE
,,,,,,,,,,,,,,,,0,,FALSE
,,,,,,,,,,,,,,,,0,,FALSE
,,,,,,,,,,,,,,,,0,,FALSE
,,,,,,,,,,,,,,,,0,,FALSE
,,,,,,,,,,,,,,,,0,,FALSE
,,,,,,,,,,,,,,,,0,,FALSE
,,,,,,,,,,,,,,,,0,,FALSE
,,,,,,,,,,,,,,,,0,,FALSE
,,,,,,,,,,,,,,,,0,,FALSE
,,,,,,,,,,,,,,,,0,,FALSE
,,,,,,,,,,,,,,,,0,,FALSE
,,,,,,,,,,,,,,,,0,,FALSE
,,,,,,,,,,,,,,,,0,,FALSE
,,,,,,,,,,,,,,,,0,,FALSE
,,,,,,,,,,,,,,,,0,,FALSE
,,,,,,,,,,,,,,,,0,,FALSE
,,,,,,,,,,,,,,,,0,,FALSE
,,,,,,,,,,,,,,,,0,,FALSE
,,,,,,,,,,,,,,,,0,,FALSE
,,,,,,,,,,,,,,,,0,,FALSE
,,,,,,,,,,,,,,,,0,,FALSE
,,,,,,,,,,,,,,,,0,,FALSE
,,,,,,,,,,,,,,,,0,,FALSE
,,,,,,,,,,,,,,,,0,,FALSE
,,,,,,,,,,,,,,,,0,,FALSE
,,,,,,,,,,,,,,,,0,,FALSE
,,,,,,,,,,,,,,,,0,,FALSE
,,,,,,,,,,,,,,,,0,,FALSE
,,,,,,,,,,,,,,,,0,,FALSE
,,,,,,,,,,,,,,,,0,,FALSE
,,,,,,,,,,,,,,,,0,,FALSE
,,,,,,,,,,,,,,,,0,,FALSE
,,,,,,,,,,,,,,,,0,,FALSE
,,,,,,,,,,,,,,,,0,,FALSE
,,,,,,,,,,,,,,,,0,,FALSE
,,,,,,,,,,,,,,,,0,,FALSE
,,,,,,,,,,,,,,,,0,,FALSE
,,,,,,,,,,,,,,,,0,,FALSE
,,,,,,,,,,,,,,,,0,,FALSE
,,,,,,,,,,,,,,,,0,,FALSE
,,,,,,,,,,,,,,,,0,,FALSE
,,,,,,,,,,,,,,,,0,,FALSE
,,,,,,,,,,,,,,,,0,,FALSE
,,,,,,,,,,,,,,,,0,,FALSE
,,,,,,,,,,,,,,,,0,,FALSE
,,,,,,,,,,,,,,,,0,,FALSE
,,,,,,,,,,,,,,,,0,,FALSE
,,,,,,,,,,,,,,,,0,,FALSE
,,,,,,,,,,,,,,,,0,,FALSE
,,,,,,,,,,,,,,,,0,,FALSE
,,,,,,,,,,,,,,,,0,,FALSE
,,,,,,,,,,,,,,,,0,,FALSE
,,,,,,,,,,,,,,,,0,,FALSE
,,,,,,,,,,,,,,,,0,,FALSE
,,,,,,,,,,,,,,,,0,,FALSE
,,,,,,,,,,,,,,,,0,,FALSE
,,,,,,,,,,,,,,,,0,,FALSE
,,,,,,,,,,,,,,,,0,,FALSE
,,,,,,,,,,,,,,,,0,,FALSE
,,,,,,,,,,,,,,,,0,,FALSE
,,,,,,,,,,,,,,,,0,,FALSE
,,,,,,,,,,,,,,,,0,,FALSE
,,,,,,,,,,,,,,,,0,,FALSE
,,,,,,,,,,,,,,,,0,,FALSE
,,,,,,,,,,,,,,,,0,,FALSE
,,,,,,,,,,,,,,,,0,,FALSE
,,,,,,,,,,,,,,,,0,,FALSE
,,,,,,,,,,,,,,,,0,,FALSE
,,,,,,,,,,,,,,,,0,,FALSE
,,,,,,,,,,,,,,,,0,,FALSE
